Code 1,Code 2,Product Name,Brand,Original Price,After CK 1,After CK 2,Ngân Sách
68930196,68930196,CLEAR dầu gội 48 giờ sạch gàu ngứa 33+1 dây (7gx10)/2 bộ,CLEAR,475.200,403.920,403.920,103.824.818
68477291,68477291,CLEAR dầu gội mát lạnh bạc hà 1.4kg/6 chai,CLEAR,333.000,279.720,279.720,
67841245,67841245,Clear dầu gội thảo dược 900g/8 chai,CLEAR,234.000,196.560,196.560,
69719230,69719230,CLEAR MEN DG SạchGàu Hương Nước Hoa Gỗ & Phong Lữ 840g/8Chai,CLEAR,224.100,188.244,188.244,
69719228,69719228,CLEAR MEN DG SạchGàu Hương Nước Hoa Biển&Hổ Phách 840g/8Chai,CLEAR,224.100,188.244,188.244,
68942960,68942960,CLEAR MEN Dầu Gội Mát Lạnh Bạc Hà 900g/8 Chai,CLEAR,224.100,188.244,188.244,
68477299,68477299,CLEAR dầu gội mát lạnh bạc hà 880g/8 chai,CLEAR,216.900,182.196,182.196,
68834056,68834056,CLEAR dầu gội 48 giờ sạch gàu ngứa 880g/8 chai,CLEAR,216.900,182.196,182.196,
69652439,69652439,CLEAR Dầu Gội 9 Thảo Dược Cổ Truyền 630g/8 Chai,CLEAR,182.700,153.468,153.468,118.700.882
62690530,62690530,CLEAR Dầu Gội 9 Thảo Dược Cổ Truyền 630g (1 + Khăn)/8 Bộ,CLEAR,178.200,149.688,149.688,
69719229,69719229,CLEAR MEN DG SạchGàu Hương Nước Hoa Gỗ & Phong Lữ 600g/8Chai,CLEAR,178.200,149.688,149.688,
69719225,69719225,CLEAR MEN DG SạchGàu Hương Nước Hoa Biển&Hổ Phách 600g/8Chai,CLEAR,178.200,149.688,149.688,
68740437,68740437,CLEAR dầu gội nam 3in1 mát lạnh 630g/8 chai,CLEAR,178.200,149.688,149.688,
68942958,68942958,CLEAR MEN Dầu Gội Mát Lạnh Bạc Hà 630g/8 Chai,CLEAR,178.200,149.688,149.688,
68477297,68477297,CLEAR dầu gội mát lạnh bạc hà 630g/8 chai,CLEAR,168.300,141.372,141.372,
68510626,68510626,CLEAR dầu gội hoa anhđào băng lạnh 630g/8 chai,CLEAR,168.300,141.372,141.372,
68834054,68834054,CLEAR dầu gội 48 giờ sạch gàu ngứa 630g/8 chai,CLEAR,168.300,141.372,141.372,
69965081,69965081,CLEAR DG Mát Lạnh BạcHà 630g(1+1CLEAR MEN N.HoaGỗ140g)/8Bộ,CLEAR,168.300,141.372,141.372,
69996244,69996244,CLEAR MEN Dầu Gội Mát Lạnh Bạc Hà 630g (1+Bình nước)/8Bộ,CLEAR,162.000,136.080,136.080,
69996248,69996248,CLEAR MEN DG SạchGàu HươngNcHoaGỗ&PhongLữ 600g(1+Bình)/8Bộ,CLEAR,162.000,136.080,136.080,
69719226,69719226,CLEAR MEN DG SạchGàu Hương Nước Hoa Gỗ &Phong Lữ 340g/12Chai,CLEAR,116.100,97.524,97.524,
69719227,69719227,CLEAR MEN DG SạchGàu Hương NướcHoa Biển&Hổ Phách 340g/12Chai,CLEAR,116.100,97.524,97.524,
68942956,68942956,CLEAR MEN Dầu Gội Mát Lạnh Bạc Hà 340g/12 Chai,CLEAR,116.100,97.524,97.524,
68477287,68477287,CLEAR dầu gội mát lạnh bạc hà 340g/12 chai,CLEAR,110.700,92.988,92.988,
69652437,69652437,CLEAR Dầu Gội 9 Thảo Dược Cổ Truyền 340g/12 Chai,CLEAR,112.500,76.500,76.500,
68942954,68942954,CLEAR MEN Dầu Gội Mát Lạnh Bạc Hà 170g/36 Chai,CLEAR,65.700,55.188,55.188,
68477289,68477289,CLEAR dầu gội mát lạnh bạc hà 170g/36 chai,CLEAR,63.000,52.920,52.920,
67426055,67426055,CLEAR Dầu Gội Thảo Dược 6Gx12/720 Dây,CLEAR,19.201,16.320,16.320,
68878309,68878309,CLEAR dầu gội 48 giờ sạch gàu ngứa 7gx10/66 dây,CLEAR,14.400,12.240,12.240,
69624363,69624363,CLEAR Dầu Gội Hươnghoa Anh Đào 6gx10/66 Dây,CLEAR,14.400,12.240,12.240,
69624361,69624361,CLEAR Dầu Gội Mát Lạnh Bạc Hà 6gx10/66 Dây,CLEAR,14.400,12.240,12.240,
68942952,68942952,CLEAR MEN Dầu Gội Mát Lạnh Bạc Hà 5g (12+2)/60 Dây,CLEAR,12.000,10.200,10.200,
68181862,68181862,CLOSEUP KĐR Tinh Thể Băng Tuyết 230g/36 ống,CLOSEUP,43.600,36.624,,
62758281,62758281,CLOSEUP KĐR Bạc Hà Thơm Mát 230g/36 ống,CLOSEUP,43.600,36.624,,
62728360,62728360,CLOSEUP Bàn Chải Đánh Răng Precision Clean/36 cây,CLOSEUP,42.990,36.542,,
68908118,68908118,CLOSEUP KĐR Detox Trắng Răng Than Hoạt Tính 180g/36 ống,CLOSEUP,38.270,35.208,,
68908122,68908122,CLOSEUP KĐR Trắng Răng Muối Biển 180g/36 ống,CLOSEUP,38.270,35.208,,
68181864,68181864,CLOSEUP KĐR Tinh Thể Băng Tuyết 180g/36 ống,CLOSEUP,36.100,33.212,,
62758282,62758282,CLOSEUP KĐR Bạc Hà Thơm Mát 180g/36 ống,CLOSEUP,36.100,33.212,,
64312163,64312163,CLOSEUP KĐR BạcHàThơmMát180g (1+1 KĐR BạcHàThơmMát30g)/21 bộ,CLOSEUP,33.040,30.396,,
68181852,68181852,CLOSEUP KĐR Bạc Hà Thơm Mát 180g/36 ống,CLOSEUP,33.040,30.396,,
68181866,68181866,CLOSEUP KĐR Tinh Thể Băng Tuyết 140g/60 ống,CLOSEUP,28.900,26.588,,
68181856,68181856,CLOSEUP KĐR Bạc Hà Thơm Mát 140g/60 ống,CLOSEUP,26.720,24.582,,
62726105,62726105,COMFORT NX Mềm Vải Dịu Nhẹ Thơm Hương Phấn 3.8L/3 chai,COMFORT,252.000,236.880,,74.607.828
62726115,62726115,COMFORT NX Mềm Vải Dịu Nhẹ Thơm Hương Phấn 3.8L/4 túi,COMFORT,256.500,230.850,230.850,
68602376,68602376,COMFORT đậm đặc cho da nhạy cảm 3.8l/4 túi,COMFORT,256.500,230.850,230.850,
69708466,69708466,COMFORT CSCS HNH Thiên Nhiên Quyến Rũ 3.8L/4 Túi,COMFORT,243.900,219.510,219.510,
69708476,69708476,COMFORT CSCS HNH Thiên Nhiên Tinh Tế 3.8L/4 Túi,COMFORT,243.900,219.510,219.510,
68840650,68840650,COMFORT CSCS phơi trong nhà Hương nắng mới 3.8L/4 túi,COMFORT,243.900,219.510,219.510,
69716625,69716625,COMFORT CSCS HNH Thiên Nhiên Diệu Kỳ 3.8L/4 Túi,COMFORT,243.900,219.510,219.510,
68418530,68418530,COMFORT đậm đặc 1 lần xả hương ban mai 3800ml/4 túi,COMFORT,243.900,219.510,219.510,
62726109,62726109,COMFORT NX Mềm Vải Dịu Nhẹ Thơm Hương Phấn 3.2L/4 túi,COMFORT,225.000,193.500,193.500,
62739140,62739140,COMFORT 1LX Dịu Nhẹ Thơm Dịu Êm 3.2L/4 túi,COMFORT,225.000,193.500,193.500,
69721417,69721417,COMFORT CSCS HNH Thiên Nhiên Quyến Rũ 3.2L/4 Túi,COMFORT,214.200,184.212,184.212,
69716631,69716631,COMFORT CSCS HNH Thiên Nhiên Diệu Kỳ 3.2L/4 Túi,COMFORT,214.200,184.212,184.212,
69708474,69708474,COMFORT CSCS HNH Thiên Nhiên Tinh Tế 3.2L/4 Túi,COMFORT,214.200,184.212,184.212,
68840644,68840644,COMFORT CSCS phơi trong nhà Hương nắng mới 3.2L/4 túi,COMFORT,214.200,184.212,184.212,
69753568,69753568,COMFORT CSCS 100H Lưu Hương Sâu H.Vườn Xuân 3.2L/4 Túi,COMFORT,214.200,184.212,184.212,
68644561,68644561,COMFORT đậm đặc 1 lần xả hương ban mai 3200ml/4 túi,COMFORT,214.200,184.212,184.212,
69708472,69708472,COMFORT CSCS HNH Thiên Nhiên Tinh Tế 2.8L/4 Túi,COMFORT,187.055,168.350,168.350,
68840642,68840642,COMFORT CSCS phơi trong nhà Hương nắng mới 2.8L/4 túi,COMFORT,187.055,168.350,168.350,
69753566,69753566,COMFORT CSCS 100H Lưu Hương Sâu H.Vườn Xuân 2.8L/4 Túi,COMFORT,187.055,168.350,168.350,
68418528,68418528,COMFORT đậm đặc 1 lần xả hương ban mai 2800ml/4 túi,COMFORT,187.055,168.350,168.350,
68418565,68418565,COMFORT hnh t.nhiên bella 2800ml/4 túi,COMFORT,187.055,168.350,168.350,
69708464,69708464,COMFORT CSCS HNH Thiên Nhiên Quyến Rũ 2.8L/4 Túi,COMFORT,187.055,168.350,168.350,
64341346,64341346,COMFORT NX 1Lần Xả Dịu Nhẹ Thơm Dịu Êm 2.3L/4 túi,COMFORT,166.500,149.850,149.850,
64341344,64341344,COMFORT NX Mềm Vải Dịu Nhẹ Thơm Hương Phấn 2.3L/4 túi,COMFORT,166.500,149.850,149.850,
64341360,64341360,COMFORT Đậm Đặc 1 Lần Xả Hương Ban Mai 2.4L/4 túi,COMFORT,165.575,149.018,149.018,
64341358,64341358,COMFORT CSCS HNH Thiên Nhiên Tinh Tế 2.4L/4 Túi,COMFORT,165.575,149.018,149.018,
64341356,64341356,COMFORT CSCS HNH Thiên Nhiên Quyến Rũ 2.4L/4 Túi,COMFORT,165.575,149.018,149.018,
64341354,64341354,COMFORT CSCS HNH Thiên Nhiên Diệu Kỳ 2.4L/4 Túi,COMFORT,165.575,149.018,149.018,
64341352,64341352,COMFORT CSCS Phơi Trong Nhà Hương Nắng Mới 2.4L/4 túi,COMFORT,165.575,149.018,149.018,
64341350,64341350,COMFORT CSCS 100H Lưu Hương Sâu H.Vườn Xuân 2.4L/4 Túi,COMFORT,165.575,149.018,149.018,
68705132,68705132,COMFORT nước giặt dưỡng vải thanh lịch 3.6kg/4 túi,COMFORT,166.400,129.792,,
68705125,68705125,COMFORT nước giặt dưỡng vải thời thượng 3.6kg/4 túi,COMFORT,166.400,129.792,,
64338592,64338592,COMFORT NG DVải Thanh Lịch 3.6kg (1+1 CFT N.Giặt 400g)/3bộ,COMFORT,166.400,129.792,,
64338594,64338594,COMFORT NG DVải Thời Thượng 3.6kg (1+1 CFT N.Giặt 400g)/3bộ,COMFORT,166.400,129.792,,
68602367,68602367,COMFORT đậm đặc cho da nhạy cảm 1.8l/6 chai,COMFORT,135.000,126.900,,
64304548,64304548,COMFORT Thơm Dịu Êm Túi 1.8L (1+1OMO NG Giữ Màu 350g)/3bộ,COMFORT,134.100,120.690,120.690,
64304544,64304544,COMFORT Thơm Hương Phấn Túi 1.8L (1+1OMO NG GiữMàu 350g)/3bộ,COMFORT,134.100,120.690,120.690,
62726113,62726113,COMFORT NX Mềm Vải Dịu Nhẹ Thơm Hương Phấn 1.8L/4 túi,COMFORT,134.100,120.690,120.690,
62739136,62739136,COMFORT 1LX Dịu Nhẹ Thơm Dịu Êm 1.8L/4 túi,COMFORT,134.100,120.690,120.690,
64344444,64344444,COMFORT Thơm Dịu Êm Túi 1.8L (1+1OMO NG CTRC 350g)/3bộ,COMFORT,134.100,120.690,120.690,
64344439,64344439,COMFORT Đ.Đặc ChoDa NhạyCảm Túi1.8L (1+1OMO NGCTRC 350g)/3bộ,COMFORT,134.100,120.690,120.690,
64344502,64344502,COMFORT TNTK LinhLan&Kiwi Túi1.7L (1+1OMO NG GiữMàu350g)/3bộ,COMFORT,127.800,115.020,115.020,
64344504,64344504,COMFORT TNTK H.AnhĐào&ĐàoTươi1.7L (1+1OMO NG GiữMàu350g)/3bộ,COMFORT,127.800,115.020,115.020,
62755215,62755215,COMFORT TN Thanh Khiết Hương Hoa Linh Lan & Kiwi 1.7L/4 túi,COMFORT,127.800,115.020,115.020,
62755219,62755219,COMFORT TN Thanh Khiết H.Hoa Anh Đào & Đào Tươi 1.7L/4 túi,COMFORT,127.800,115.020,115.020,
64344497,64344497,COMFORT TNTK H.AnhĐào&ĐàoTươi1.7L (1+1OMO NG CTRC 350g)/3bộ,COMFORT,127.800,115.020,115.020,
64344494,64344494,COMFORT TNTK LinhLan&Kiwi Túi1.7L (1+1OMO NG CTRC 350g)/3bộ,COMFORT,127.800,115.020,115.020,
64304581,64304581,COMFORT 1LX H.Ban Mai Túi 1.8L (1+1OMO NG Giữ Màu 350g)/3bộ,COMFORT,126.380,113.742,113.742,
64304589,64304589,COMFORT 1LX H.Gió Xuân Túi 1.8L (1+1OMO NG Giữ Màu 350g)/3bộ,COMFORT,126.380,113.742,113.742,
69736464,69736464,COMFORT HNH Chống Nhăn H.Thanh Xuân 1.7L/4 túi,COMFORT,126.380,113.742,113.742,
62718214,62718214,COMFORT Phơi Tr.Nhà H.Nắng Mới Túi1.8L (1+1OMO TDT 350g)/3bộ,COMFORT,126.380,113.742,113.742,
64304585,64304585,COMFORT H.Thanh Xuân Túi 1.7L (1+1OMO NG Giữ Màu 350g)/3bộ,COMFORT,126.380,113.742,113.742,
64304579,64304579,COMFORT HNH TinhTế Sophia Túi1.8L (1+1OMO NG GiữMàu350g)/3bộ,COMFORT,126.380,113.742,113.742,
64304573,64304573,COMFORT HNHQuyếnRũ Jennie Túi1.8L (1+1OMO NG GiữMàu350g)/3bộ,COMFORT,126.380,113.742,113.742,
64304565,64304565,COMFORT HNH DiệuKỳ Bella Túi1.8L (1+1OMO NG GiữMàu 350g)/3bộ,COMFORT,126.380,113.742,113.742,
64304553,64304553,COMFORT Hương Nắng Mới Túi 1.8L (1+1OMO NG Giữ Màu 350g)/3bộ,COMFORT,126.380,113.742,113.742,
64304532,64304532,COMFORT H.Vườn Xuân Túi 1.8L (1+1OMO NG Giữ Màu 350g)/3 bộ,COMFORT,126.380,113.742,113.742,
69708462,69708462,COMFORT CSCS HNH Thiên Nhiên Quyến Rũ 1.8L/4 Túi,COMFORT,126.380,113.742,113.742,
69708470,69708470,COMFORT CSCS HNH Thiên Nhiên Tinh Tế 1.8L/4 Túi,COMFORT,126.380,113.742,113.742,
69716623,69716623,COMFORT CSCS HNH Thiên Nhiên Diệu Kỳ 1.8L/4 Túi,COMFORT,126.380,113.742,113.742,
68840638,68840638,COMFORT CSCS phơi trong nhà Hương nắng mới 1.8L/4 túi,COMFORT,126.380,113.742,113.742,
69753564,69753564,COMFORT CSCS 100H Lưu Hương Sâu H.Vườn Xuân 1.8L/4 Túi,COMFORT,126.380,113.742,113.742,
68418525,68418525,COMFORT đậm đặc 1 lần xả hương ban mai 1800ml/4 túi,COMFORT,126.380,113.742,113.742,
68418538,68418538,COMFORT đậm đặc 1 lần xả hương gió xuân 1800ml/4 túi,COMFORT,126.380,113.742,113.742,
68418575,68418575,COMFORT hnh t.nhiên sophia 1800ml/4 túi,COMFORT,126.380,113.742,113.742,
64344499,64344499,COMFORT ChốngNhăn ThanhXuân Túi1.7L (1+1OMO NGCTRC 350g)/3bộ,COMFORT,126.380,113.742,113.742,
64344490,64344490,COMFORT HNH Tinh Tế Sophia Túi1.8L (1+1OMO NGCTRC 350g)/3bộ,COMFORT,126.380,113.742,113.742,
64344488,64344488,COMFORT 100H LH H.Vườn Xuân Túi1.8L (1+1OMO NGCTRC 350g)/3bộ,COMFORT,126.380,113.742,113.742,
64344486,64344486,COMFORT Đ.Đặc 1LX H.GióXuân Túi1.8L (1+1OMO NGCTRC 350g)/3bộ,COMFORT,126.380,113.742,113.742,
64344475,64344475,COMFORT HNHTN DiệuKỳ Bella Túi1.8L (1+1OMO NG CTRC 350g)/3bộ,COMFORT,126.380,113.742,113.742,
64344484,64344484,COMFORT HNH Quyến Rũ Jennie Túi1.8L (1+1OMO NGCTRC 350g)/3bộ,COMFORT,126.380,113.742,113.742,
64344477,64344477,COMFORT Đ.Đặc 1LX H.BanMai Túi1.8L (1+1OMO NG CTRC 350g)/3bộ,COMFORT,126.380,113.742,113.742,
64344479,64344479,COMFORT Phơi Tr.Nhà H.N.Mới Túi1.8L (1+1OMO NGCTRC 350g)/3bộ,COMFORT,126.380,113.742,113.742,
68705129,68705129,COMFORT nước giặt dưỡng vải thanh lịch 2.2kg/4 túi,COMFORT,114.000,88.920,,
68705127,68705127,COMFORT nước giặt dưỡng vải thời thượng 2.2kg/4 túi,COMFORT,114.000,88.920,,
62726100,62726100,COMFORT NX Mềm Vải Dịu Nhẹ Thơm Hương Phấn 800ml/12 chai,COMFORT,64.800,60.912,,
68602369,68602369,COMFORT đậm đặc cho da nhạy cảm 800ml/12 túi,COMFORT,64.800,58.320,58.320,
68418516,68418516,COMFORT đậm đặc 1 lần xả hương ban mai 800ml/12 chai,COMFORT,59.400,55.836,,
69998798,69998798,COMFORT CSCS HNH Thiên Nhiên Diệu Kỳ (10+2)x20ml/30 dây,COMFORT,17.850,15.708,,
69736462,69736462,COMFORT HNH Chống Nhăn H.Thanh Xuân 10x20ml/30 dây,COMFORT,17.850,15.708,,
62725304,62725304,COMFORT CSCS Phơi Trong Nhà H.Nắng Mới (10+2)x20ml/30 dây,COMFORT,17.850,15.708,,
62725306,62725306,COMFORT Đậm Đặc 1 Lần xả Hương Ban Mai (10+2)x20ml/30 dây,COMFORT,17.850,15.708,,
62739132,62739132,COMFORT 1LX Dịu Nhẹ Thơm Dịu Êm 10x20ml/30 dây,COMFORT,17.850,15.708,,
62755223,62755223,COMFORT TNTKhiết H.Hoa Linh Lan & Kiwi (10+2)x18ml/30 dây,COMFORT,17.850,15.708,,
69708480,69708480,COMFORT CSCS HNH Thiên Nhiên Tinh Tế 10x20ML/30 Dây,COMFORT,17.850,15.708,,
62755228,62755228,COMFORT TNTKhiết H.Hoa Anh Đào & Đào Tươi (10+2)x18ml/30 dây,COMFORT,17.850,15.708,,
62726103,62726103,COMFORT NX Mềm Vải Dịu Nhẹ Thơm Hương Phấn 10x20ml/30 dây,COMFORT,17.850,15.708,,
68840627,68840627,COMFORT CSCS phơi trong nhà Hương nắng mới 10x20ml/30 dây,COMFORT,17.850,15.708,,
69716629,69716629,COMFORT CSCS HNH Thiên Nhiên Diệu Kỳ 10x20ML/30 Dây,COMFORT,17.850,15.708,,
62725308,62725308,COMFORT Đậm Đặc 1 Lần xả Hương Gió Xuân (10+2)x20ml/30 dây,COMFORT,17.850,15.708,,
69998800,69998800,COMFORT CSCS HNH Thiên Nhiên Quyến Rũ (10+2)x20ml/30 dây,COMFORT,17.850,15.708,,
69998802,69998802,COMFORT CSCS HNH Thiên Nhiên Tinh Tế (10+2)x20ml/30 dây,COMFORT,17.850,15.708,,
69753559,69753559,COMFORT CSCS 100H Lưu Hương Sâu H.Vườn Xuân 10x20ml/30 dây,COMFORT,17.850,15.708,,
68418521,68418521,COMFORT đậm đặc 1 lần xả hương ban mai 10x20ml/30 dây,COMFORT,17.850,15.708,,
68418536,68418536,COMFORT đậm đặc 1 lần xả hương gió xuân 10x20ml/30 dây,COMFORT,17.850,15.708,,
62685162,62685162,COMFORT HNH Chống Nhăn H.Thanh Xuân (10+2)x20ml/30 dây,COMFORT,17.850,15.708,,
69998796,69998796,COMFORT CSCS 100H Lưu Hương Sâu H.V Xuân (10+2)x20ml/30 dây,COMFORT,17.850,15.708,,
68592232,68592232,DOVE dầu gội phục hồi hư tổn 1400g/6 chai,DOVE,308.700,262.395,262.395,
68936509,68936509,DOVE Sữa Tắm Dưỡng Ẩm Chuyên Sâu (Xanh Đậm) 900G/12 Chai,DOVE,198.501,168.725,,
68592238,68592238,DOVE dầu gội phục hồi tóc hư tổn 880g/8 chai,DOVE,199.800,167.832,167.832,
68592244,68592244,DOVE dầu gội óng mềm tự nhiên 640g/8 chai,DOVE,177.110,150.543,150.543,
68592254,68592254,DOVE dầu gội vào nếp sống động tự nhiên 640g/8 chai,DOVE,177.110,150.543,150.543,
68592260,68592260,DOVE dầu gội dưỡng tóc bồng bềnh 640g/8 chai,DOVE,153.000,130.050,130.050,105.281.835
68592228,68592228,DOVE dầu gội ngăn gãy rụng tóc 640g/8 chai,DOVE,153.000,130.050,130.050,
68592236,68592236,DOVE dầu gội phục hồi tóc hư tổn 640g/8 chai,DOVE,153.000,130.050,130.050,
62674379,62674379,DOVE Dầu Gội Ngăn Gãy Rụng Tóc640g(1+DOVE Sữa Tắm200g)/8Bộ,DOVE,153.000,130.050,130.050,
62674381,62674381,DOVE Dầu Gội Phục Hồi Hư Tổn640g(1+DOVE Sữa Tắm200g)/8Bộ,DOVE,153.000,130.050,130.050,
68592204,68592204,DOVE kem xả phục hồi hư tổn 610g/8 chai,DOVE,153.000,128.520,128.520,
69751369,69751369,DOVE ST CSDa Nhạy Cảm 500g (1+ST Hương Hoa N.Ngào200g)/12 Bộ,DOVE,124.000,109.120,,
69672201,69672201,DOVE Sữa Tắm Chăm Sóc Da Nhạy Cảm 500g (1 + 1 Khăn)/12 bộ,DOVE,124.000,109.120,,
69672203,69672203,DOVE Sữa Tắm Hương Hoa Ngọt Ngào 500g (1 + 1 Khăn)/12 bộ,DOVE,124.000,109.120,,
69751365,69751365,DOVE ST Hương Hoa NNgào500g(1+ST Hương Hoa NNgào 200g)/12 Bộ,DOVE,124.000,109.120,,
68936513,68936513,DOVE Sữa Tắm Hương Hoa Anh Đào (Hồng) 500G/12 Chai,DOVE,124.000,105.400,,
68936507,68936507,DOVE Sữa Tắm Dưỡng Ẩm Chuyên Sâu (Xanh Đậm) 500G/12 Chai,DOVE,124.000,105.400,,
68936517,68936517,DOVE Sữa Tắm Bóng Mịn Thơm Mát (Xanh Lá) 500G/12 Chai,DOVE,124.000,105.400,,
68936521,68936521,DOVE Sữa Tắm Phục Hồi Da Khô (Nâu) 500G/Chai,DOVE,124.000,105.400,,
68753934,68753934,DOVE kem ủ phục hồi hư tổn 500g/8 hũ,DOVE,119.000,99.960,99.960,
68592224,68592224,DOVE dầu gội ngăn gãy rụng tóc 325g/12 chai,DOVE,90.000,76.500,76.500,
68592234,68592234,DOVE dầu gội phục hồi tóc hư tổn 325g/12 chai,DOVE,90.000,76.500,76.500,
69760563,69760563,DOVE Dầu Gội PhụcHồi HưTổn 325g(1+1DG PhụcHồi HưTổn70g)/12Bộ,DOVE,90.000,76.500,76.500,
68592192,68592192,DOVE kem xả ngăn gãy rụng tóc 320g/12 chai,DOVE,90.000,75.600,75.600,
68592202,68592202,DOVE kem xả phục hồi hư tổn 320g/12 chai,DOVE,90.000,75.600,75.600,
68592218,68592218,DOVE dầu gội phục hồi hư tổn 170g/36 chai,DOVE,52.201,44.370,44.370,
68592200,68592200,DOVE kem xả phục hồi hư tổn 170g/24 tuýp,DOVE,52.201,43.848,43.848,
69555768,69555768,DOVE dầu gội ngăn gãy rụng tóc 6gx10/66 dây,DOVE,14.400,12.240,12.240,
69555770,69555770,DOVE dầu gội phục hồi hư tổn 6gx10/66 dây,DOVE,14.400,12.240,12.240,
69555764,69555764,DOVE dầu xả ngăn gãy rụng tóc 6gx10/66 dây,DOVE,14.400,12.240,12.240,
69555766,69555766,DOVE dầu xả phục hồi hư tổn 6gx10/66 dây,DOVE,14.400,12.240,12.240,
69969516,69969516,DOVE Sữa Tắm Ẩm Mịn Ngọt Ngào (Hồng) 12x6g/84 dây,DOVE,14.000,11.200,,
69969514,69969514,DOVE Sữa Tắm Dưỡng Ẩm Chuyên Sâu (Xanh Đậm) 12x6g/84 dây,DOVE,14.000,11.200,,
64302893,64302893,HAZELINE STắm OChúa HoaLy + ymạch dtằm (288+216)6g 2 /vỉ,HAZELINE,189.000,151.200,,
68910538,68910538,Hazeline sữa dưỡng thể matcha & lựu đỏ 370ml/12 chai,Hazeline,96.600,85.008,85.008,
69557735,69557735,HAZELINE Sữa Tắm Sữa Ong Chúa Hoa Ly (Tím) 1kg /12 chai,HAZELINE,92.800,78.880,,
69557737,69557737,HAZELINE Sữa Tắm Matcha Lựu Đỏ (Xanh) 1kg/12 chai,HAZELINE,92.800,78.880,,
69557739,69557739,HAZELINE Sữa Tắm Yến Mạch Dâu Tằm (Hồng) 1kg/12 chai,HAZELINE,92.800,78.880,,
69798517,69798517,HAZELINE Sữa Tắm Sữa Ong Chúa Hoa Ly 1kg (1+thẻ cào)/12 bộ,HAZELINE,90.500,76.925,,
69745536,69745536,HAZELINE ST Sữa Ong Chúa Hoa Ly 800g (1 + Khăn)/12 bộ,HAZELINE,81.600,71.808,,
68875655,68875655,HAZELINE Sữa Tắm Sữa Ong Chúa Hoa Ly (Tím) 800g/12 chai,HAZELINE,81.600,69.360,,
68737842,68737842,HAZELINE S.Tắm D.Sáng Matcha Lựu Đỏ(Xanh) 800G/12 Chai,HAZELINE,81.600,69.360,,
68737840,68737840,HAZELINE Sữa Tắm S.Da D.Ẩm Y.Mạch D.Tằm (Hồng) 800G/12 Chai,HAZELINE,81.600,69.360,,
69580390,69580390,HAZELINE Sữa Tắm S.Mụn R.Ngời Matcha Lựu Đỏ(Xanh)670g/8Chai,HAZELINE,71.700,60.945,,
69580392,69580392,HAZELINE Sữa Tắm Yến Mạch Dâu Tằm (Hồng) 670g/8 Chai,HAZELINE,71.700,60.945,,
68875653,68875653,HAZELINE Sữa Tắm Sữa Ong Chúa Hoa Ly (Tím) 670g/8 chai,HAZELINE,71.700,60.945,,
64301480,64301480,HAZELINE SDT Matcha&Lựu Đỏ230ml(1+3KD S.DaB.Ngày6.5g)/24Bộ,HAZELINE,63.700,56.056,56.056,
64301478,64301478,HAZELINE SDT YếnMạch&DâuTằm230ml(1+3KD SDaBNgày6.5g)/24Bộ,HAZELINE,63.700,56.056,56.056,
68910534,68910534,Hazeline sữa dưỡng thể matcha & lựu đỏ 230ml/24 chai,Hazeline,63.700,56.056,56.056,
68910536,68910536,Hazeline sữa dưỡng thể yến mạch & dâu tằm 230ml/24 chai,Hazeline,63.700,56.056,56.056,
68875668,68875668,Hazeline gel rửa mặt matcha tràm trà 100g/24 tuýp,Hazeline,46.500,40.920,,16.880.205
62689624,62689624,HAZELINE SRM MatchaTràmTrà 100g(1 + 1 srm Matcha 40g)/24 Bộ,HAZELINE,46.500,40.920,,
62689626,62689626,HAZELINE SRM Nghệ Hoa Cúc 100g (1 + 1 srm Matcha 40g)/24 Bộ,HAZELINE,46.500,40.920,,
68875672,68875672,Hazeline sữa rửa mặt nghệ hoa cúc 100g/24 tuýp,Hazeline,46.500,40.920,,
68875676,68875676,Hazeline sữa rửa mặt yến mạch & dâu tằm 100g/24 tuýp,Hazeline,46.500,40.920,,
68910532,68910532,Hazeline sữa dưỡng thể matcha & lựu đỏ 140ml/24 chai,Hazeline,42.100,37.048,37.048,
68875670,68875670,Hazeline gel rửa mặt matcha tràm trà 50g/24 tuýp,Hazeline,24.500,21.560,,
68875674,68875674,Hazeline sữa rửa mặt nghệ hoa cúc 50g/24 tuýp,Hazeline,24.500,21.560,,
68875679,68875679,Hazeline sữa rửa mặt yến mạch & dâu tằm 50g/24 tuýp,Hazeline,24.500,21.560,,
69793329,69793329,HAZELINE Sữa Tắm yến mạch dâu tằm 6gx12/84Dây,HAZELINE,4.500,3.600,,
69793343,69793343,HAZELINE Sữa Tắm Sữa Ong Chúa Hoa Ly 6gx12/84Dây,HAZELINE,4.500,3.600,,
68572376,68572376,Kem dưỡng trắng cao cấp ban đêm PONDS 50g/12 hộp,Kem,253.300,222.904,222.904,
68572372,68572372,Kem dưỡng trắng cao cấp ban ngày PONDS 50g/12 hộp,Kem,253.300,222.904,222.904,
68572374,68572374,Kem dưỡng trắng tạo nền PONDS 25g/12 tuýp,Kem,124.900,109.912,,
68706405,68706405,KNORR Hạt Nêm Từ Thịt 1.8kg/5 gói,KNORR,114.300,94.869,94.869,
69624324,69624324,KNORR Nước Mắm Ngon Nguyên Bản 500ml/12 chai,KNORR,94.500,78.435,78.435,
69724697,69724697,KNORR Nước Mắm Ngon Nguyên Bản 500ml(1+1KNORR Thịt 150g)/6bộ,KNORR,94.500,78.435,78.435,
69968618,69968618,KNORR Hạt Nêm Nấm Hương Organic 800g/8 gói,KNORR,76.500,63.495,63.495,
68706401,68706401,KNORR Hạt Nêm Từ Thịt 900g/8 gói,KNORR,76.500,63.495,63.495,
64335146,64335146,KNORR Hạt Nêm Từ Thịt 900g (1+1KNORR Từ Thịt 136g)/6 bộ,KNORR,76.500,63.495,63.495,
62735362,62735362,KNORR Hạt Nêm Từ Thịt 900g DT Tết 2024/8 gói,KNORR,76.500,51.255,,
69624320,69624320,KNORR Nước Mắm Ngon Tròn Vị 750ml/12 chai,KNORR,48.600,40.338,40.338,
64405032,64405032,KNORR Nước Mắm Ngon Tròn Vị 750ml(1+1Dầu Ăn 400ml)/9 bộ,KNORR,48.600,40.338,40.338,
69968606,69968606,KNORR Hạt Nêm Nấm Hương Organic 380g/16 gói,KNORR,39.567,32.841,32.841,
69642431,69642431,KNORR Hạt Nêm Nấm Hương 380g (1+1Knorr Tương ớt 200g)/16 bộ,KNORR,39.567,32.841,32.841,
68806800,68806800,KNORR GVHC Cá Kho 28gx6/10 dây,KNORR,36.750,31.238,31.238,
68806802,68806802,KNORR GVHC Canh Chua 30gx6/10 dây,KNORR,36.750,31.238,31.238,
68806803,68806803,KNORR GVHC Thịt Kho 28gx6/10 dây,KNORR,36.750,31.238,31.238,
68806804,68806804,KNORR GVHC Thịt Kho Tàu 28gx6/10 dây,KNORR,36.750,31.238,31.238,
69571561,69571561,KNORR Hạt nêm Từ Thịt 400g (1+1Knorr Từ Thịt 150g)/12 bộ,KNORR,34.200,30.780,,90.940.146
64335150,64335150,KNORR Hạt Nêm Từ Thịt 400g (1+1KNORR Từ Thịt 136g)/12 bộ,KNORR,34.200,30.780,,
62735364,62735364,KNORR Hạt Nêm Nấm Hương Organic 380g DT Tết 2024/16 gói,KNORR,39.567,29.675,,
68706399,68706399,KNORR Hạt Nêm Từ Thịt 400g/16 gói,KNORR,34.200,28.386,28.386,
62716661,62716661,KNORR Hạt Nêm Từ Thịt 400g (1+1KNORR Nấm 45g)/16 bộ,KNORR,34.200,28.386,28.386,
69968608,69968608,KNORR Hạt Nêm Nấm Hương Organic 170g/38 gói,KNORR,18.000,14.940,14.940,
68706395,68706395,KNORR Hạt Nêm Từ Thịt 170g/32 gói,KNORR,16.136,13.393,13.393,
68758568,68758568,KNORR Tương Ớt Cay Đậm 220g/20 chai,KNORR,14.400,11.952,11.952,
68758564,68758564,KNORR Tương Ớt 220g/20 chai,KNORR,14.400,11.952,11.952,
64301499,64301499,KNORR Nước Mắm Ngon Tròn Vị 242ml/20 chai,KNORR,11.000,9.130,9.130,
64365455,64365455,KNORR Hạt Nêm Nấm Hương Organic 70g/72 gói,KNORR,5.400,4.860,,
69712754,69712754,LIFEBUOY ST T.Xanh K.Qua 800g (1+LFB ST Dưỡng Ẩm 240g)/12 bộ,LIFEBUOY,168.500,148.280,,
62757076,62757076,LIFEBUOY ST Thảo dược&Hoa sen800g (1+ST Tết 200g)/12 bộ,LIFEBUOY,168.500,148.280,,
62757074,62757074,LIFEBUOY ST Tràm Trà Muối Hồng800g (1+ST Tết 200g)/12 bộ,LIFEBUOY,168.500,148.280,,
62757072,62757072,LIFEBUOY ST Than H.Tính Cám Gạo 800g (1+ ST Tết 200g)/12 bộ,LIFEBUOY,168.500,148.280,,
62757070,62757070,LIFEBUOY ST Trà Xanh Khổ Qua 800g (1+ ST Tết 200g)/12 bộ,LIFEBUOY,168.500,148.280,,
69973627,69973627,LIFEBUOY ST T.Xanh K.Qua 800g (1+LFB ST TH.DC 200g)/12 bộ,LIFEBUOY,168.500,148.280,,
69973629,69973629,LIFEBUOY ST Than HT C.Gạo 800g (1+LFB ST TH.DC 200g)/12 bộ,LIFEBUOY,168.500,148.280,,
68538446,68538446,LIFEBUOY sữa tắm vượt trội 10 1.1kg/6 chai,LIFEBUOY,171.400,145.690,,
68538458,68538458,LIFEBUOY sữa tắm chăm sóc da 1.1kg/6 chai,LIFEBUOY,171.400,145.690,,
69798509,69798509,LIFEBUOY ST Bảo Vệ VT 1.1kg (1+thẻ cào)/6 bộ,LIFEBUOY,171.400,145.690,,
69758272,69758272,LIFEBUOY sữa tắm Thảo dược&Hoa sen 800g/12 chai,LIFEBUOY,168.500,143.225,,
68891330,68891330,LIFEBUOY Sữa Tắm Tràm Trà Muối Hồng 800G/12 Chai,LIFEBUOY,168.500,143.225,,
68891327,68891327,LIFEBUOY Sữa Tắm Than Hoạt Tính Cám Gạo 800G/12 Chai,LIFEBUOY,168.500,143.225,,
68891325,68891325,LIFEBUOY Sữa Tắm Trà Xanh Khổ Qua 800G/12 Chai,LIFEBUOY,168.500,143.225,,
69773096,69773096,LIFEBUOY ST Bảo Vệ VT 800g (1+ LFB ST Dưỡng Ẩm 350g)/12 bộ,LIFEBUOY,156.600,137.808,,
62757064,62757064,LIFEBUOY ST Bảo Vệ Vượt Trội 800g (1+ ST Tết 200g)/12 bộ,LIFEBUOY,156.600,137.808,,
62720557,62720557,LIFEBUOY STắm BVệ VTrội 800G (1+ LFB ST BVVT200g) /12Bộ,LIFEBUOY,156.600,137.808,,
62692146,62692146,LIFEBUOY Sữa Tắm Chăm Sóc Da 800G/12 Chai,LIFEBUOY,141.800,127.620,,
62692144,62692144,LIFEBUOY Sữa Tắm Bảo Vệ Vượt Trội 800G/12 Chai,LIFEBUOY,141.800,127.620,,
68891339,68891339,LIFEBUOY Sữa Tắm Chăm Sóc Da 800G/12 Túi,LIFEBUOY,131.401,115.632,,
68891336,68891336,LIFEBUOY Sữa Tắm Bảo Vệ Vượt Trội 800G/12 Túi,LIFEBUOY,131.401,115.632,,
69647251,69647251,LIFEBUOY Nước Rửa Tay Vitamin Bảo Vệ Vượt Trội 1kg/12 túi,LIFEBUOY,121.501,91.125,,1.385.730
69647253,69647253,LIFEBUOY Nước Rửa Tay Vitamin Sữa Dưỡng Ẩm 1kg/12 túi,LIFEBUOY,121.501,91.125,,
68639743,68639743,LIFEBUOY nls botani 3.6kg/3 can,LIFEBUOY,95.101,81.786,81.786,
68755999,68755999,LIFEBUOY Dầu gội dưỡng tóc óng ả 640g/8 chai,LIFEBUOY,95.400,81.090,81.090,
68509855,68509855,LIFEBUOY Dầu gội mềm mượt kháng khuẩn 640g/8 chai,LIFEBUOY,95.400,81.090,81.090,
62710819,62710819,LIFEBUOY DG Tóc Dày Óng Ả 640g (1+1 LIFEBUOY dg 140g)/8 Bộ,LIFEBUOY,95.400,81.090,81.090,
62710821,62710821,LIFEBUOY DG Tóc Mềm Mượt 640g (1+1 LIFEBUOY dg 140g)/8 Bộ,LIFEBUOY,95.400,81.090,81.090,
69768398,69768398,LIFEBUOY Sữa Tắm Tràm Trà Muối Hồng 500g/12 chai,LIFEBUOY,88.000,74.800,,
68864834,68864834,LIFEBUOY NRT Matcha & Nha Đam 450g/12 chai,LIFEBUOY,69.700,64.124,,
68864828,68864828,LIFEBUOY NRT Bạc Bảo Vệ 450g/12 chai,LIFEBUOY,69.700,64.124,,
68864825,68864825,LIFEBUOY NRT Sữa Dưỡng Ẩm 450g/12 chai,LIFEBUOY,69.700,64.124,,
68864821,68864821,LIFEBUOY NRT Chanh Khử Mùi 450g/12 chai,LIFEBUOY,69.700,64.124,,
62757080,62757080,LIFEBUOY NRT Sữa Dưỡng Ẩm 450g (1 + NRT Tết 120g)/12 bộ,LIFEBUOY,69.700,64.124,,
62757078,62757078,LIFEBUOY NRT Bạc Bảo Vệ 450g (1 + NRT Tết 120g)/12 bộ,LIFEBUOY,69.700,64.124,,
68483542,68483542,Lifebuoy dd diệt khuẩn bảo vệ vượt trội 330ml/24 chai,Lifebuoy,64.500,54.825,,
64329526,64329526,LIFEBUOY sữa tắm chăm sóc da 350g/24 chai,LIFEBUOY,57.125,51.413,,
64329524,64329524,LIFEBUOY sữa tắm bảo vệ vượt trội 350g/24 chai,LIFEBUOY,57.125,51.413,,
69647257,69647257,LIFEBUOY Nước Rửa Tay Vitamin Sữa Dưỡng Ẩm 400g/24 túi,LIFEBUOY,53.000,48.760,,
68891345,68891345,LIFEBUOY Nước Rửa Tay Chanh Khử Mùi 400G/24 Túi,LIFEBUOY,53.000,48.760,,
69647255,69647255,LIFEBUOY Nước Rửa Tay Vitamin Bảo Vệ Vượt Trội 400g/24 túi,LIFEBUOY,53.000,48.760,,
68755997,68755997,LIFEBUOY Dầu gội dưỡng tóc óng ả 320g/24 chai,LIFEBUOY,55.800,47.430,47.430,
68538454,68538454,LIFEBUOY sữa tắm chăm sóc da 250g/24 chai,LIFEBUOY,52.800,46.464,,
68538462,68538462,LIFEBUOY sữa tắm bảo vệ vượt trội 10 250g/24 chai,LIFEBUOY,52.800,46.464,,
68639741,68639741,LIFEBUOY nls botani 1kg/12 chai,LIFEBUOY,32.800,30.176,30.176,
68584737,68584737,LIFEBUOY nước rửa tay chanh khử mùi 180g/36 chai,LIFEBUOY,31.301,28.796,,105.377.152
68584751,68584751,LIFEBUOY nước rửa tay sữa dưỡng ẩm 180g/36 chai,LIFEBUOY,31.301,28.796,,
68584757,68584757,LIFEBUOY nước rửa tay bạc bảo vệ 180g/36 chai,LIFEBUOY,31.301,28.796,,
68755995,68755995,LIFEBUOY Dầu gội dưỡng tóc óng ả 170g/36 chai,LIFEBUOY,32.401,27.540,27.540,
68483540,68483540,LIFEBUOY Dung dịch xịt khuẩn BV Vượt trội 50ml/ 60 chai,LIFEBUOY,24.900,21.165,,
68449676,68449676,LIFEBUOY gel rửa tay khô bảo vệ vượt trội 50ml/60 chai nắp,LIFEBUOY,20.500,17.425,,
68173959,68173959,LIFEBUOY xbc matcha và khổ qua 90g/72 bánh,LIFEBUOY,14.760,13.284,,
68173969,68173969,LIFEBUOY xà bông cục bảo vệ vượt trội 125g/72 bánh,LIFEBUOY,15.010,12.758,,
64340182,64340182,LIFEBUOY Xà Bông Cục Sữa Dưỡng Ẩm 125g/72 bánh,LIFEBUOY,15.010,12.758,,
64355453,64355453,LIFEBUOY Xà Bông Cục Matcha & Khổ Qua 125g/72 bánh,LIFEBUOY,15.010,12.758,,
68173961,68173961,LIFEBUOY xà bông cục chăm sóc da 90g/72 bánh,LIFEBUOY,11.840,10.656,,
68173963,68173963,LIFEBUOY xà bông cục thiên nhiên 90g/72 bánh,LIFEBUOY,11.840,10.656,,
68173967,68173967,LIFEBUOY xà bông cục bảo vệ vượt trội 90g/72 bánh,LIFEBUOY,11.840,10.656,,
68173971,68173971,LIFEBUOY xà bông cục mát lạnh sảng khoái 90g/72 bánh,LIFEBUOY,11.840,10.656,,
68756001,68756001,LIFEBUOY Dầu gội dưỡng tóc óng ả 6gx12/60 dây,LIFEBUOY,8.000,6.800,6.800,
68509857,68509857,LIFEBUOY Dầu gội mềm mượt kháng khuẩn 6gx12/60 dây,LIFEBUOY,8.000,6.800,6.800,
69974715,69974715,LUX ST H.Pháp N.Nàn 570g (1 + LUX ST P.Lan Q.Rũ 350g)/12 bộ,LUX,136.000,119.680,,
69974713,69974713,LUX ST P.Lan Q.Rũ 570g (1 + LUX ST H.Pháp N.Nàn 350g)/12 bộ,LUX,136.000,119.680,,
69716307,69716307,LUX Sữa Tắm Botanicals Hương Phong Lan Quyến Rũ 570g/12 chai,LUX,136.000,115.600,,
69716309,69716309,LUX Sữa Tắm Botanicals Hương Hồng Pháp Nồng Nàn 570g/12 chai,LUX,136.000,115.600,,
69716311,69716311,LUX Sữa Tắm Botanicals Hương Lan Tiên &Tràm Trà 570g/12 chai,LUX,136.000,115.600,,
68590486,68590486,LUX sữa tắm botanical phong lan quyến rũ 12x6g/84 dây,LUX,10.900,8.720,,
68940329,68940329,OMO Nước Giặt CF Tinh Dầu Thơm Cửa Trên 3.7kg/4 chai,OMO,238.500,203.250,,
69598992,69598992,OMO Bột Giặt Đỏ 5.7kg/3 gói,OMO,244.800,197.800,,
62762380,62762380,OMO BG CFT H.Hồng DịuMát 5.3kg (1+1Omo NG SHTVượng 400g)/2bộ,OMO,244.800,197.800,,
69598967,69598967,OMO Bột Giặt CF H.Hoa Hồng Dịu Mát Bền Lâu 5.3kg/3 gói,OMO,244.800,197.800,,
69598977,69598977,OMO Bột Giặt CF Tinh Dầu Thơm Sang Trọng Bền Lâu 5.3kg/3 gói,OMO,244.800,197.800,,
69745575,69745575,OMO Nước Giặt Giữ Màu Cửa Trên 3.6kg/4 túi,OMO,203.900,173.764,173.764,
68940358,68940358,OMO Nước Giặt Cửa Trên 3.9kg/4 túi,OMO,203.900,173.764,173.764,
68940339,68940339,OMO Nước Giặt CF Hoa Hồng Ecuador 3.6kg/4 túi,OMO,203.900,173.764,173.764,
68940335,68940335,OMO Nước Giặt CF Tinh Dầu Thơm 3.6kg/4 túi,OMO,203.900,173.764,173.764,
68681024,68681024,OMO Nước Giặt Cho Quần Áo Bé Yêu 3.6kg/4 túi,OMO,202.000,172.144,172.144,
64346873,64346873,OMO NướcGiặt MG CửaTrước H.Hoa Oải Hương Thư Thái 3.6kg/4túi,OMO,202.000,172.144,172.144,
64346859,64346859,OMO Nước Giặt MG Cửa Trên Hoa Hồng Ecuador 3.6kg/4 túi,OMO,202.000,172.144,172.144,
64346845,64346845,OMO Nước Giặt MG Cửa Trên Sạch Sâu Vượt Trội 3.9kg/4 túi,OMO,202.000,172.144,172.144,
64346879,64346879,OMO Nước Giặt MG Cửa Trước Ngăn Ngừa Mùi Ẩm Mốc 3.6kg/4 túi,OMO,202.000,172.144,172.144,
64346867,64346867,OMO Nước Giặt MG Cửa Trước Giữ Màu 3.6kg/4 túi,OMO,202.000,172.144,172.144,
64346853,64346853,OMO Nước Giặt MG Cửa Trên Tinh Dầu N.Hoa Tinh Tế 3.6kg/4 túi,OMO,202.000,172.144,172.144,
69780250,69780250,OMO Nước Giặt Cửa Trước Ngăn Ngừa Mùi Ẩm Mốc 3.6kg/4 túi,OMO,199.601,170.100,170.100,
68728149,68728149,OMO Nước Giặt Bền Đẹp Cửa Trước 3.6kg/4 túi,OMO,199.601,170.100,170.100,
68728153,68728153,OMO Nước Giặt Khử Mùi Thơm Thư Thái Cửa Trước 3.6kg/4 túi,OMO,199.601,170.100,170.100,
69598990,69598990,OMO Bột Giặt Đỏ 4.3kg/3 gói,OMO,189.000,161.066,,90.051.037
69598965,69598965,OMO Bột Giặt CF H.Hoa Hồng Dịu Mát Bền Lâu 3.9kg/3 gói,OMO,189.000,161.066,,
69598975,69598975,OMO Bột Giặt CF Tinh Dầu Thơm Sang Trọng Bền Lâu 3.9kg/3 gói,OMO,189.000,161.066,,
68940353,68940353,OMO Nước Giặt Cửa Trên 3.1kg/4 túi,OMO,162.900,138.823,138.823,
68940341,68940341,OMO Nước Giặt Cửa Trên 2.7kg/4 chai,OMO,162.900,138.823,,
68940327,68940327,OMO Nước Giặt CF Tinh Dầu Thơm Cửa Trên 2.3kg/4 chai,OMO,162.900,138.823,,
68940331,68940331,OMO Nước Giặt CF Tinh Dầu Thơm 2.8kg/4 túi,OMO,162.900,138.823,138.823,
68909069,68909069,OMO NG MG cho quần áo bé yêu 2.8kg/4 túi,OMO,161.000,137.205,137.205,
68299324,68299324,OMO Nước Giặt Bền Đẹp Cửa Trước 2.3kg/4 chai,OMO,159.200,135.670,,
68909071,68909071,OMO Nước Giặt Bền Đẹp Cửa Trước 2.8kg/4 túi,OMO,159.200,135.670,135.670,
68909068,68909068,OMO Nước Giặt Khử Mùi Thơm Thư Thái Cửa Trước 2.8kg/4 túi,OMO,159.200,135.670,135.670,
69598994,69598994,OMO Bột Giặt Đỏ 2.9kg/4 gói,OMO,134.800,121.522,,
69598969,69598969,OMO Bột Giặt CF H.Hoa Hồng Dịu Mát Bền Lâu 2.6kg/4 gói,OMO,134.800,121.522,,
69598979,69598979,OMO Bột Giặt CF Tinh Dầu Thơm Sang Trọng Bền Lâu 2.6kg/4 gói,OMO,134.800,121.522,,
64380379,64380379,OMO Bột Giặt Đỏ 2.9kg(1+1Omo NG CFT206g)/4bộ,OMO,134.800,121.522,,
64380378,64380378,OMO BộtGiặt CF TDT STrọng BềnLâu2.6kg(1+1Omo NG CFT206g)/4bộ,OMO,134.800,121.522,,
64380377,64380377,OMO BộtGiặt CF HHồng DMát BềnLâu2.6kg(1+1Omo NG CFT206g)/4bộ,OMO,134.800,121.522,,
69745567,69745567,OMO Nước Giặt Giữ Màu Cửa Trên 2kg/4 túi,OMO,126.000,90.090,,
68940348,68940348,OMO Nước Giặt Cửa Trên 2.2kg/4 túi,OMO,126.000,90.090,,
68681020,68681020,OMO Nước Giặt Cho Quần Áo Bé Yêu 2kg/4 túi,OMO,126.000,90.090,,
68299328,68299328,OMO Nước Giặt Bền Đẹp Cửa Trước 2kg/4 túi,OMO,123.200,90.059,,
69598982,69598982,OMO Bột Giặt Đỏ 1.15kg/12 gói,OMO,57.300,51.656,,229.769.570
69598986,69598986,OMO Bột Giặt Đỏ 770g/18 gói,OMO,38.950,35.113,,
69598971,69598971,OMO Bột Giặt CF Tinh Dầu Thơm Sang Trọng Bền Lâu 700g/18 gói,OMO,38.950,35.113,,
69598963,69598963,OMO Bột Giặt CF H.Hoa Hồng Dịu Mát Bền Lâu 700g/18 gói,OMO,38.950,35.113,,
69598988,69598988,OMO Bột Giặt Đỏ 380g/36 gói,OMO,19.900,17.940,,
69598973,69598973,OMO Bột Giặt CF Tinh Dầu Thơm Sang Trọng Bền Lâu 350g/36 gói,OMO,19.900,17.940,,
69598984,69598984,OMO Bột Giặt Đỏ 100g/140 gói,OMO,7.330,6.608,,
68930477,68930477,P/S BCĐR Bảo Vệ 123 Mềm Mại 12cây/25 vỉ,P/S,112.674,101.407,,
69982944,69982944,P/S BCĐR Lông Tơ Sạch Hiệu Quả 6cây/12 vỉ,P/S,104.658,88.960,,
69982946,69982946,P/S BCĐR Lông Tơ Mềm Mại 6cây/12 vỉ,P/S,104.658,88.960,,
68553404,68553404,P/S Nước Súc Miệng Active Defense 500ml/12 chai,P/S,90.300,84.882,,
67228806,67228806,P/S BCĐR Trẻ Em 2-6 Tuổi 6cây/10 vỉ,P/S,93.077,79.115,,
67228808,67228808,P/S BCĐR Trẻ Em Từ 7 Tuổi 6cây/10 vỉ,P/S,93.077,79.115,,
68930475,68930475,P/S BCĐR Bảo Vệ 123 12cây/25 vỉ,P/S,82.076,73.868,,
68163726,68163726,P/S KĐR Giảm Ê Buốt Trắng Răng 100g/60 ống,P/S,47.300,44.462,,
68163724,68163724,P/S KĐR Giảm Ê Buốt Bạc Hà Thơm Mát 100g/60 ống,P/S,47.300,44.462,,
68163720,68163720,P/S KĐR Giảm Ê Buốt Chăm Sóc Chuyên Sâu 100g/60 ống,P/S,47.300,44.462,,
68372934,68372934,P/S Nước Súc Miệng Pro-Complete 300ml/20 chai,P/S,44.721,42.037,,
69981018,69981018,P/S Bàn chải đánh răng 4D Chăm sóc nướu khỏe/48 cây,P/S,44.720,38.012,,
69981012,69981012,P/S Bàn chải đánh răng 4D Kháng khuẩn/48 cây,P/S,44.720,38.012,,
68827848,68827848,P/S KĐR TRẮNG RĂNG THAN HOẠT TÍNH & TRE 230G/36 ống,P/S,43.600,36.624,,
68827856,68827856,P/S KĐR Trà Xanh 230g/36 ống,P/S,41.900,36.034,,
68827862,68827862,P/S KĐR Baking Soda & Hương Thảo 180g/36 ống,P/S,36.100,33.934,,
68827850,68827850,P/S KĐR Muối Hồng & Hoa Cúc 180g/36 ống,P/S,36.100,33.934,,
68827846,68827846,P/S KĐR TRẮNG RĂNG THAN HOẠT TÍNH & TRE 180G/36 ống,P/S,36.100,33.934,,
69764904,69764904,P/S kem đánh răng trẻ em 2-6 tuổi hương cam 90g/60 ống,P/S,35.760,33.614,,
69764906,69764906,P/S kem đánh răng trẻ em 2-6 tuổi hương dâu 90g/60 ống,P/S,35.760,33.614,,
68737018,68737018,P/S KĐR Bảo Vệ 123 230g/36 ống,P/S,36.500,33.580,,
68802295,68802295,P/S BCĐR Lông Tơ Mềm Mại/24 bộ 3,P/S,34.766,33.028,,17.553.718
68827854,68827854,P/S KĐR Trà Xanh 180g/36 ống,P/S,34.800,32.712,,
68802301,68802301,P/S BCĐR than hoạt tính/48 cây,P/S,33.615,28.573,,
68142934,68142934,P/S BCĐR White Detox/48 cây,P/S,33.578,28.542,,
68737016,68737016,P/S KĐR Bảo Vệ 123 180g/36 ống,P/S,30.313,28.494,,
69786144,69786144,P/S KĐR Ngừa Sâu Răng Vượt Trội 230g/36 ống,P/S,29.431,27.076,,
68860489,68860489,P/S BCĐR Baking Soda/48 cây,P/S,27.966,23.771,,
68860479,68860479,P/S BCĐR Muối Tre/48 cây,P/S,27.966,23.771,,
68860477,68860477,P/S BCĐR Muối Hồng/48 cây,P/S,27.966,23.771,,
67882305,67882305,P/S BCĐR Trẻ Em Superkid 7-11 Tuổi/48 cây,P/S,27.585,23.448,,
67882302,67882302,P/S BCĐR Trẻ Em Superkid 2-6 Tuổi/48 cây,P/S,27.585,23.448,,
69786142,69786142,P/S KĐR Ngừa Sâu Răng Vượt Trội 180g/36 ống,P/S,24.140,22.691,,
68827858,68827858,P/S KĐR Trà Xanh 100g/60 ống,P/S,20.500,19.270,,
69555959,69555959,P/S KĐR Trẻ Em Hương Dâu 45g/120 ống,P/S,17.881,16.808,,
69555961,69555961,P/S KĐR Trẻ Em Hương Cam 45g/120 ống,P/S,17.881,16.808,,
69786146,69786146,P/S KĐR Ngừa Sâu Răng Vượt Trội 100g/60 ống,P/S,16.040,14.757,,
69555957,69555957,P/S KĐR Bé Ngoan Hương Dâu 35g/120 ống,P/S,5.400,5.076,,55.018.070
64313178,64313178,POND'S Kem Chống Lão Hóa Ban Đêm 45g/12 Hũ,POND'S,308.800,271.744,271.744,
64313176,64313176,POND'S Kem Chống Lão Hóa Ban Ngày 45g/12 Hũ,POND'S,308.800,271.744,271.744,
64378558,64378558,POND'S Kem DG Sáng Da Ban Đêm 45g (1+SRM PONDS 40g)/12 Bộ,POND'S,128.400,112.992,112.992,
64313177,64313177,POND'S Kem Dưỡng Sáng Da Ban Đêm 45g/12 Hũ,POND'S,128.400,112.992,112.992,
64378556,64378556,POND'S Kem DG Sáng Da Ban Ngày 45g(1+SRM PONDS 40g)/12 Bộ,POND'S,128.200,112.816,112.816,
64313180,64313180,POND'S Kem Dưỡng Sáng Da Ban Ngày 45g/12 Hũ,POND'S,128.200,112.816,112.816,
64313448,64313448,POND'S Sữa Rửa Mặt Chống Lão Hóa 100g/12 Tuýp,POND'S,102.300,90.024,,
68345722,68345722,PONDS kem chống lão hóa ban ngày 50g/12 hũ,PONDS,308.800,271.744,271.744,
64365020,64365020,PONDS Kem Chống Lão Hóa Đêm 45g (1+6 PONDS Serum 7g)/12 bộ,PONDS,308.800,271.744,271.744,
64365022,64365022,PONDS Kem Chống Lão Hóa Ngày 45g (1+6 PONDS Serum 7g)/12 bộ,PONDS,308.800,271.744,271.744,
68721204,68721204,PONDS Kem Dưỡng Da Sáng Mịn Rạng Rỡ Đêm 50g/12 Hũ,PONDS,128.400,112.992,112.992,
68724695,68724695,PONDS SRM Sáng Da Cao Cấp FW Radiance Even Tone 100g/12 Tuýp,PONDS,86.900,76.472,,
68735235,68735235,PONDS kem dưỡng trắng da trắng hồng rạng rỡ đêm 24x30g hũ,PONDS,86.200,75.856,75.856,
68735234,68735234,PONDS kem dưỡng trắng da trắng hồng rạng rỡ ngày 24x30g hũ,PONDS,86.000,75.680,75.680,
68196008,68196008,PONDS nước tẩy trang  VITAMIN BRIGHTEN ROSE 235ML/12 chai,PONDS,84.500,74.360,,
68721217,68721217,PONDS nước hoa hồng trắng hồng rạng rỡ 150ml/24 chai,PONDS,66.400,58.432,,
62731122,62731122,PONDS SRM S.Mịn R.Rỡ 100g (1+1VASELINE SDT Tr.Da100ml)/24Bộ,PONDS,66.000,58.080,,
62731124,62731124,PONDS SRM Tr.DaT.Khiết100g(1+1VASELINE SDT Tr.Da100ml)/24Bộ,PONDS,66.000,58.080,,
69980215,69980215,PONDS Sữa Rửa Mặt Sáng Mịn Rạng Rỡ 100g/24 Tuýp,PONDS,66.000,58.080,,
69980223,69980223,PONDS Sữa Rửa Mặt Trắng Da Tinh Khiết 100g/24 Tuýp,PONDS,66.000,58.080,,
64375565,64375565,PONDS SRM Sáng Mịn Rạng Rỡ 50g (1+2PONDS 6.5g)/24 Bộ,PONDS,38.000,33.440,,
64375567,64375567,PONDS SRM Trắng Da Tinh Khiết 50g (1+2PONDS 6.5g)/24 Bộ,PONDS,38.000,33.440,,
69980217,69980217,PONDS Sữa Rửa Mặt Sáng Mịn Rạng Rỡ 50g/24 Tuýp,PONDS,38.000,33.440,,
69980225,69980225,PONDS Sữa Rửa Mặt Trắng Da Tinh Khiết 50g/24 Tuýp,PONDS,38.000,33.440,,
69741898,69741898,SUNLIGHT NRC Khử Mùi Tanh MatCha Trà Nhật 3.6kg/3 can,SUNLIGHT,115.800,98.430,98.430,
69741908,69741908,SUNLIGHT NRC Thiên Nhiên Muối Khoáng Lô Hội3.6kg/3 can,SUNLIGHT,115.800,98.430,98.430,
69782675,69782675,SUNLIGHT NRC Hương Quế Can 3.6KG/3 Can,SUNLIGHT,115.800,98.430,98.430,
68727735,68727735,SUNLIGHT NRC Mềm dịu 3.6kg/3 can,SUNLIGHT,115.800,98.430,98.430,
69741902,69741902,SUNLIGHT NRC Khử Mùi Tanh MatCha Trà Nhật 3.4kg/4 túi,SUNLIGHT,104.500,88.825,88.825,
69741921,69741921,SUNLIGHT NRC Thiên Nhiên Muối Khoáng Lô Hội 3.4kg/4 túi,SUNLIGHT,104.500,88.825,88.825,
69694559,69694559,SUNLIGHT Nước Rửa Chén Chanh Mới 3.6kg/3 can,SUNLIGHT,96.500,82.025,82.025,
69704321,69704321,SUNLIGHT NLS BIOSHIELD Hương Chanh Yuzu & Sả 3.6kg/3 chai,SUNLIGHT,89.491,76.962,76.962,
69704331,69704331,SUNLIGHT NLS BIOSHIELD Hương Quế & Cam Bergamot 3.6kg/3 chai,SUNLIGHT,89.491,76.962,76.962,
64346045,64346045,SUNLIGHT NLS BIO Chanh Sả 3.6kg (1+1 Lavender túi 700g)/3 bộ,SUNLIGHT,89.491,76.962,76.962,
64346047,64346047,SUNLIGHT NLS BIO H Quế Cam 3.6kg (1+1 Lavender túi 700g/3 bộ,SUNLIGHT,89.491,76.962,76.962,
69756934,69756934,SUNLIGHT NLS Tinh Dầu Thảo Mộc H Hoa Lavender 3.6kg/3 chai,SUNLIGHT,83.500,71.810,71.810,
68727942,68727942,SUNLIGHT NLS Tinh dầu thảo mộc h.Lily Hương thảo 3.6kg/3 can,SUNLIGHT,83.500,71.810,71.810,
68727938,68727938,SUNLIGHT NLS Tinh dầu thảo mộc Hoa hạ Bạc hà 3.6kg/3 can,SUNLIGHT,83.500,71.810,71.810,
64346039,64346039,SUNLIGHT NLS T Dầu Hoa Hạ 3.6kg (1+1 Lavender túi 700g)/3 bộ,SUNLIGHT,83.500,71.810,71.810,
64346041,64346041,SUNLIGHT NLS TDầu Lily 3.6kg (1+1 Lavender túi 700g)/3 bộ,SUNLIGHT,83.500,71.810,71.810,
64346043,64346043,SUNLIGHT NLS TDầu H Lavender 3.6kg(1+1Lavender túi 700g)/3bộ,SUNLIGHT,83.500,71.810,71.810,
69626484,69626484,SUNLIGHT NLS Tinh dầu thảo mộc Quế & Cam Bergamot 3.6kg/3can,SUNLIGHT,82.400,70.864,70.864,
68727947,68727947,SUNLIGHT NLS Thiên nhiên - trắng 3.6kg/3 can,SUNLIGHT,82.400,70.864,70.864,
69694570,69694570,SUNLIGHT Nước Rửa Chén Chanh Mới túi 3.5kg/4 túi,SUNLIGHT,86.500,67.470,67.470,
69970463,69970463,SUNLIGHT NRC Khử Mùi Tanh Matcha Trà Nhật 2.1kg/4 túi,SUNLIGHT,67.500,62.100,62.100,
69970459,69970459,SUNLIGHT NRC Thiên Nhiên Muối Khoáng và Lô Hội 2.1kg/4 túi,SUNLIGHT,67.500,62.100,62.100,
68827959,68827959,SUNLIGHT Nước rửa chén Trà xanh túi 2.1kg/4 túi,SUNLIGHT,67.500,62.100,62.100,
69704323,69704323,SUNLIGHT NLS BIOSHIELD Hương Chanh Yuzu & Sả 3.4kg/4 túi,SUNLIGHT,71.620,60.877,60.877,
68623347,68623347,SUNLIGHT nls tinh dầu thảo mộc h.lily hương thảo 3.6kg/4 túi,SUNLIGHT,69.300,58.905,58.905,
68623345,68623345,SUNLIGHT nls tinh dầu thảo mộc hoa hạ bạc hà 3.6kg/4 túi,SUNLIGHT,69.300,58.905,58.905,
69756936,69756936,SUNLIGHT NLS Tinh Dầu Thảo Mộc H Hoa Lavender 3.6kg/4 túi,SUNLIGHT,69.300,58.905,58.905,
69626595,69626595,SUNLIGHT NLS Tinh dầu thảo mộc Quế & Cam Bergamot 3.4kg/4túi,SUNLIGHT,66.000,56.100,56.100,
69694568,69694568,SUNLIGHT Nước Rửa Chén Chanh Mới túi 2.6kg/4 túi,SUNLIGHT,58.500,53.820,53.820,
68827952,68827952,SUNLIGHT Nước rửa chén Chanh túi 2.6kg/4 túi,SUNLIGHT,58.500,53.820,53.820,
69694557,69694557,SUNLIGHT Nước Rửa Chén Chanh Mới 1.5kg/9 chai,SUNLIGHT,40.000,36.400,36.400,
68623343,68623343,SUNLIGHT NLS tinh dầu thảo mộc h.lily hương thảo 2kg/4 túi,SUNLIGHT,39.500,36.340,36.340,
69704319,69704319,SUNLIGHT NLS BIOSHIELD Hương Chanh Yuzu & Sả 1kg/12 chai,SUNLIGHT,33.850,31.142,31.142,
69704329,69704329,SUNLIGHT NLS BIOSHIELD Hương Quế & Cam Bergamot 1kg/12 chai,SUNLIGHT,33.850,31.142,31.142,
69694572,69694572,SUNLIGHT Nước Rửa Chén Chanh Mới túi 1.4kg/9 túi,SUNLIGHT,36.240,30.804,30.804,
69741894,69741894,SUNLIGHT NRC Khử Mùi Tanh MatCha Trà Nhật 750g/15 chai,SUNLIGHT,31.670,28.820,28.820,
69741906,69741906,SUNLIGHT NRC Thiên Nhiên Muối Khoáng Lô Hội 750g/15 chai,SUNLIGHT,31.670,28.820,28.820,
69741923,69741923,SUNLIGHT NRC Mềm Dịu Bưởi Tây và H Hoa Anh Đào 750g/15 chai,SUNLIGHT,31.670,28.820,28.820,
69753066,69753066,SUNLIGHT NRC Hương Quế Chai 750G/15 chai,SUNLIGHT,31.670,28.820,28.820,
69753070,69753070,SUNLIGHT NRC Hương Quế 750G/15 chai,SUNLIGHT,31.670,28.820,28.820,
64301975,64301975,SUNLIGHT NRC Trà Xanh 750g (1 chai + 1miếng rửa chén)/10 bộ,SUNLIGHT,31.670,28.820,28.820,
64301972,64301972,SUNLIGHT NRC Thiên Nhiên 750g (1chai +1miếng rửa chén)/10 bộ,SUNLIGHT,31.670,28.820,28.820,
68727935,68727935,SUNLIGHT NLS Thiên nhiên - trắng 1kg/12 chai,SUNLIGHT,31.180,28.685,28.685,
62674332,62674332,SUNLIGHT Nước Lau Đa Năng Chanh & Sả 500ml/12 chai,SUNLIGHT,30.600,28.152,28.152,
62674331,62674331,SUNLIGHT Nước Lau Bếp Chanh & Baking Soda 500ml/12 chai,SUNLIGHT,30.600,28.152,28.152,
69671713,69671713,SUNLIGHT Kem tẩy chuyên dụng 690g/16 chai,SUNLIGHT,29.880,27.490,27.490,
69756932,69756932,SUNLIGHT NLS Tinh Dầu Thảo Mộc H Hoa Lavender 1kg/12 chai,SUNLIGHT,29.270,26.928,26.928,
68727927,68727927,SUNLIGHT NLS Tinh dầu thảo mộc Hoa hạ Bạc hà 1kg/12 chai,SUNLIGHT,29.270,26.928,26.928,
68727931,68727931,SUNLIGHT NLS Tinh dầu thảo mộc h.Lily Hương thảo 1kg/12 chai,SUNLIGHT,29.270,26.928,26.928,
68735531,68735531,SUNLIGHT NLS Tinh dầu Hương Thiên Thảo 1kg/12 chai,SUNLIGHT,29.270,26.928,26.928,
69671715,69671715,SUNLIGHT Nước lau đa năng Siêu nhanh 520ml/12 chai,SUNLIGHT,27.900,25.668,25.668,240.033.445
69741900,69741900,SUNLIGHT NRC Khử Mùi Tanh MatCha Trà Nhật 750g/18 túi,SUNLIGHT,27.231,25.052,25.052,
69741910,69741910,SUNLIGHT NRC Thiên Nhiên Muối Khoáng Lô Hội 750g/18 túi,SUNLIGHT,27.231,25.052,25.052,
69694553,69694553,SUNLIGHT Nước Rửa Chén Chanh Mới 750g/15 chai,SUNLIGHT,24.690,22.467,22.467,
62733033,62733033,SUNLIGHT NRC Chanh 750g (1chai +1SL Thiên Nhiên 200g)/9 bộ,SUNLIGHT,24.690,22.467,22.467,
69756921,69756921,SUNLIGHT NLS Tinh Dầu Thảo Mộc H Hoa Hạ&Bạc Hà 1kg/12 túi,SUNLIGHT,25.724,22.122,22.122,
69756929,69756929,SUNLIGHT NLS T Dầu Thảo Mộc H Hoa Lily&Hương Thảo 1kg/12 túi,SUNLIGHT,25.724,22.122,22.122,
62674330,62674330,SUNLIGHT Nước Lau Kính Siêu Nhanh 520ml/12 chai,SUNLIGHT,24.300,20.655,20.655,
69694561,69694561,SUNLIGHT Nước Rửa Chén Chanh Mới túi 750g/18 túi,SUNLIGHT,22.430,20.636,20.636,
69741904,69741904,SUNLIGHT NRC Thiên Nhiên Muối Khoáng Lô Hội 400g/24 chai,SUNLIGHT,17.750,16.152,16.152,
69741892,69741892,SUNLIGHT NRC Khử Mùi Tanh MatCha Trà Nhật 400g/24 chai,SUNLIGHT,17.750,16.152,16.152,
69694551,69694551,SUNLIGHT Nước Rửa Chén Chanh Mới 400g/24 chai,SUNLIGHT,14.361,13.068,13.068,
68632306,68632306,SUNSILK dầu gội mềm mượt diệu kỳ 1.4kg/6 chai,SUNSILK,281.200,239.020,239.020,
68632294,68632294,SUNSILK dầu gội óng mượt rạng ngời 1.4kg/6 chai,SUNSILK,281.200,239.020,239.020,
68902629,68902629,SUNSILK Dầu Gội Mềm Mượt Diệu Kỳ (Vàng) 900g/8 Chai,SUNSILK,183.900,154.476,154.476,
68902619,68902619,SUNSILK Dầu Gội Óng Mượt Rạng Ngời (Đen) 900g/8 Chai,SUNSILK,183.900,154.476,154.476,
68902627,68902627,SUNSILK Dầu Gội Mềm Mượt Diệu Kỳ (Vàng) 650g/8 Chai,SUNSILK,137.000,116.450,116.450,
68902615,68902615,SUNSILK Dầu Gội Óng Mượt Rạng Ngời (Đen) 650g/8 Chai,SUNSILK,137.000,116.450,116.450,
68757367,68757367,SUNSILK dg mm diệu kỳ 650g + dx SUNSILK mm diệu kỳ140g/8 bộ,SUNSILK,137.000,116.450,116.450,
68757365,68757365,SUNSILK dg om r.ngời 650g + d.x SUNSILK om r.ngời140g/8 bộ,SUNSILK,137.000,116.450,116.450,
68902599,68902599,SUNSILK Dầu Xả Mềm Mượt Diệu Kỳ (Vàng) 640g/8 Chai,SUNSILK,137.000,115.080,115.080,
68902595,68902595,SUNSILK Dầu Xả Óng Mượt Rạng Ngời (Đen) 640g/8 Chai,SUNSILK,137.000,115.080,115.080,
68902607,68902607,SUNSILK Dầu Gội Mềm Mượt Tỏa Hương 650g/8 Chai,SUNSILK,130.500,110.925,110.925,
68902605,68902605,SUNSILK Dầu Gội Ngăn Rụng Tóc 650g/8 Chai,SUNSILK,130.500,110.925,110.925,
62735551,62735551,SUNSILK DG MM DiệuKỳ 650g(1+1CLR MEN DG HgNcHoaGỗ140g)/8Bộ,SUNSILK,126.300,107.355,107.355,
68632302,68632302,SUNSILK dầu gội mềm mượt diệu kỳ 320g/24 chai,SUNSILK,80.300,68.255,68.255,
68632290,68632290,SUNSILK dầu gội óng mượt rạng ngời 320g/24 chai,SUNSILK,80.300,68.255,68.255,
68634517,68634517,SUNSILK dầu xả óng mượt rạng ngời 320g/12 chai,SUNSILK,80.300,67.452,67.452,
68634523,68634523,SUNSILK dầu xả mềm mượt diệu kỳ 320g/12 chai,SUNSILK,80.300,67.452,67.452,
68634525,68634525,SUNSILK dầu xả ngăn rụng tóc 320g/12 chai,SUNSILK,77.400,65.016,65.016,
68902623,68902623,SUNSILK Dầu Gội Mềm Mượt Diệu Kỳ (Vàng) 170g/36 Chai,SUNSILK,44.501,37.825,37.825,
68902611,68902611,SUNSILK Dầu Gội Óng Mượt Rạng Ngời (Đen) 170g/36 Chai,SUNSILK,44.501,37.825,37.825,
68867013,68867013,SUNSILK dg đen óng mượt rạng ngời 6gx10/66 dây,SUNSILK,9.600,8.160,8.160,
68867015,68867015,SUNSILK dg vàng mềm mượt diệu kỳ 6gx10/66 dây,SUNSILK,9.600,8.160,8.160,
68867009,68867009,SUNSILK dx đen óng mượt rạng ngời 6gx10/66 dây,SUNSILK,9.600,8.160,8.160,
68867011,68867011,SUNSILK dx vàng mềm mượt diệu kỳ 6gx10/66 dây,SUNSILK,9.600,8.160,8.160,
69635429,69635429,SURF Bột Giặt Hương Nước Hoa Duyên Dáng 5.3kg/3 gói,SURF,178.100,131.100,,
69635430,69635430,SURF Bột Giặt Hương Nước Hoa Quyến Rũ 5.3kg/3 gói,SURF,178.100,131.100,,
69635432,69635432,SURF Bột Giặt Hương Nước Xả Vải Ngát Hương Xuân 5.5kg/3 gói,SURF,178.100,131.100,,
64318465,64318465,SURF NG Thiên Nhiên 7trong1 Hương Thuần Khiết 3.6kg/4 chai,SURF,153.000,119.952,,15.706.195
64318467,64318467,SURF NG Tinh Dầu Nước Hoa 7trong1 Hương Đam Mê 3.6kg/4 chai,SURF,153.000,119.952,,
62712876,62712876,SURF Nước Giặt Hương Sương Mai Dịu Mát 4Kg/4 túi,SURF,135.000,110.700,,5.127.093
62712880,62712880,SURF Nước Giặt Hương Cỏ Hoa Diệu Kì 4Kg/4 túi,SURF,135.000,110.700,,
68912972,68912972,SURF NG hương cỏ hoa diệu kì 3.6kg/3 chai,SURF,130.301,99.028,,
62712873,62712873,SURF Nước Giặt Hương Sương Mai Dịu Mát 2.9Kg/4 túi,SURF,90.000,88.227,,3.846.075
62712878,62712878,SURF Nước Giặt Hương Cỏ Hoa Diệu Kì 2.9Kg/4 túi,SURF,90.000,88.227,,
62720026,62720026,SURF NướcGiặt HSM DịuMát 2.9Kg (1+1 CFT NG T.Thượng350g)/3Bộ,SURF,90.000,88.227,,
62720028,62720028,SURF NướcGiặt CỏHoaDiệuKỳ2.9Kg (1+1 CFT NG T.Thượng350g)/3Bộ,SURF,90.000,88.227,,
64338388,64338388,SURF NướcGiặt HSM DịuMát 2.9Kg (1+1 SURF NG T.Nhiên350g)/3Bộ,SURF,90.000,88.227,,
64338396,64338396,SURF NướcGiặt CỏHoaDiệuKỳ2.9Kg (1+1 SURF NG T.Nhiên350g)/3Bộ,SURF,90.000,88.227,,
68912973,68912973,SURF NG hương cỏ hoa diệu kì 2.2kg/4 túi,SURF,78.200,66.642,,
68887130,68887130,SURF NRC Hương Chanh sả 3.6kg/3 can,SURF,76.000,57.000,57.000,
68887114,68887114,SURF NRC Hương Tắc 3.6kg/3 can,SURF,76.000,57.000,57.000,
68792276,68792276,SURF NRC Hương Trà xanh&Lá dứa 3.5kg/3 can,SURF,76.000,57.000,57.000,
69666927,69666927,SURF NRC Hương Trà xanh&Lá dứa 3.5kg/4 Túi,SURF,65.500,49.125,49.125,
69666929,69666929,SURF NRC Hương Chanh sả 3.5KG/4 Túi,SURF,65.500,49.125,49.125,
69635637,69635637,SURF Bột Giặt Hương Nước Xả Vải Ngát Hương Xuân 2kg/6 gói,SURF,54.200,46.189,,
69658594,69658594,SURF NRC Hương Trà xanh&Lá dứa 1.4kg/9 Can,SURF,32.401,24.300,24.300,
68599914,68599914,SURF NRC hương chanh sả 1500g/9 can,SURF,32.401,24.300,24.300,
68509851,68509851,SURF NRC hương tắc 1500g/9 can,SURF,32.401,24.300,24.300,
69635638,69635638,SURF Bột Giặt Hương Nước Xả Vải Ngát Hương Xuân 800g/18 gói,SURF,23.700,20.197,,
68509849,68509849,SURF NRC hương tắc 750g/20 chai,SURF,18.000,13.500,13.500,
68496241,68496241,SURF NRC hương chanh sả 750g/20 chai,SURF,18.000,13.500,13.500,
69635636,69635636,SURF Bột Giặt Hương Nước Xả Vải Ngát Hương Xuân 380g/36 gói,SURF,13.400,11.420,,
64318305,64318305,SURF NXV Hương Đồng Hoa Nhài Tây 10x20ML/30 Dây,SURF,10.800,9.720,9.720,
64318301,64318301,SURF NXV Hương Vườn Hồng Juliet 10x20ML/30 Dây,SURF,10.800,9.720,9.720,
68939593,68939593,SURF Nước Xả Hương Hoa Lôi Cuốn 22mlx10/24 dây,SURF,9.000,8.100,,
68939591,68939591,SURF Nước Xả Hương Hoa Lan Tỏa 22mlx10/24 dây,SURF,9.000,8.100,,
62743396,62743396,TRESEMME Dầu Gội Bond Repair 640g/8 Chai,TRESEMME,207.900,176.715,176.715,
68430335,68430335,TRESEMME dầu gội salon detox 640g/8 chai,TRESEMME,207.900,176.715,176.715,
68156824,68156824,TRESEMME dầu gội salon rebond 640g/8 chai,TRESEMME,207.900,176.715,176.715,
69753374,69753374,TRESEMME Dầu Gội Vào Nếp Mượt Mà 640g (1+Khăn)/8 Bộ,TRESEMME,207.900,176.715,176.715,
68523193,68523193,TRESEMME dầu gội vào nếp mượt mà 640g/8 chai,TRESEMME,207.900,176.715,176.715,
68192376,68192376,TRESEMME dầu xả salon rebond 620g/8 chai,TRESEMME,207.900,174.636,174.636,
68523201,68523201,TRESEMME dầu xả vào nếp mượt mà 620g/8 chai,TRESEMME,207.900,174.636,174.636,
62743392,62743392,TRESEMME Dầu Xả Bond Repair 620g/8 Chai,TRESEMME,207.900,174.636,174.636,
68753938,68753938,TRESEMME kem ủ vào nếp mượt mà 500g/8 hũ,TRESEMME,204.001,171.360,171.360,
68528241,68528241,TRESEMME dầu gội vào nếp mượt mà 7g/60 dây,TRESEMME,16.000,13.600,13.600,
68554729,68554729,VASELINE sdt trắng da 10 lợi ích 350ml/12 chai,VASELINE,127.300,112.024,112.024,
68913733,68913733,VASELINE Sữa Dưỡng Thể Sun+Pollution Pro 350ml/12 Chai,VASELINE,127.300,112.024,112.024,
69732146,69732146,VASELINE Sữa Dưỡng Thể Trắng Da Tức Thì 350ml/12 Chai,VASELINE,127.300,112.024,112.024,
69608134,69608134,VASELINE Tinh Chất Dưỡng Thể Sáng Khoẻ Da SPF50 300ml/12Tuýp,VASELINE,161.000,107.870,,
64361324,64361324,VASELINE TCDT Sáng Khoẻ DaSPF50 300ml(1+GHDR 70ml)/12Bộ,VASELINE,161.000,107.870,,
69664127,69664127,Vaseline SDT Gluta-Hya Dưỡng Sáng Da (Vàng) 330ml/12 Tuýp,Vaseline,127.350,85.325,,5.990.268
64333611,64333611,Vaseline SDT Gluta-Hya Vàng 330ml (1+1SDT Tr.Da 100ml)/12Bộ,Vaseline,127.350,85.325,,
64333609,64333609,Vaseline SDT Gluta-Hya Hồng 330ml (1+1SDT Tr.Da100ml)/12Bộ,Vaseline,127.350,85.325,,
69664128,69664128,Vaseline SDT Gluta-Hya Dưỡng Sáng Da (Hồng) 330ml/12 Tuýp,Vaseline,127.350,85.325,,
68554727,68554727,VASELINE sdt trắng da 10 lợi ích 200ml/24 chai,VASELINE,83.100,73.128,73.128,
68913731,68913731,VASELINE Sữa Dưỡng Thể Sun+Pollution Pro 200ml/24 Chai,VASELINE,83.100,73.128,73.128,
68545665,68545665,VASELINE sữa dưỡng thể trắng da tức thì 200ml/24 chai,VASELINE,83.100,73.128,73.128,
68685711,68685711,VIM tẩy rửa trắng sáng hương chanh sả 870ml/16 chai,VIM,34.480,31.032,31.032,
68685702,68685702,VIM tẩy rửa tr.sáng oải hương than hoạt tính 870ml/16 chai,VIM,34.480,31.032,31.032,
64302487,64302487,VIM Trắng Sáng Oải Hương 870ml(1+1NRC TNhiên túi 200g)/10 bộ,VIM,34.480,31.032,31.032,
64302493,64302493,VIM Trắng Hương Chanh Sả 870ml(1+1NRC TNhiên túi 200g)/10 bộ,VIM,34.480,31.032,31.032,
67534373,67534373,VIM Vệ Sinh Zero Hương Chanh 750ml/18 chai,VIM,33.642,30.278,30.278,
68701125,68701125,VIM vệ sinh xanh biển 880ml/16 chai,VIM,33.460,30.114,30.114,
69723139,69723139,VIM Vệ Sinh Xanh Biển 880ml (1+1NRC Th Nhiên túi 200g)/10 bộ,VIM,33.460,30.114,30.114,
68782495,68782495,VIM Viên treo bồn cầu hương Trà xanh&chanh 55g/9 viên,VIM,25.480,22.932,22.932,
67542148,67542148,Vim viên treo bồn cầu hương chanh 55g/9 viên,Vim,25.480,22.932,22.932,
67581743,67581743,Vim viên treo bồn cầu lavender 55g/9 viên,Vim,25.480,22.932,22.932,
69743127,69743127,VIM Viên Treo Bồn cầu Hoa Mộc Lan 55g/9 túi,VIM,25.480,22.932,22.932,
67863683,67863683,Vim vệ sinh xanh biển 500m/24 chai,Vim,21.160,19.044,19.044,
